{
  "extends": [
    "config:base",
    "schedule:weekly",
    ":disableDependencyDashboard"
  ],
  "semanticCommits": false,
  "postUpdateOptions": [
    "gomodTidy"
  ],
  "commitMessagePrefix": "chore(all): ",
  "commitMessageAction": "update",
  "groupName": "all",
  "ignoreDeps": [
    "google.golang.org/appengine"
  ],
  "packageRules": [
    {
      "matchPackagePatterns": [
        "^github.com/google/go-github/v",
        "^go.opentelemetry.io/contrib/instrumentation/",
      ],
      "enabled": false
    }
  ],
  "force": {
    "constraints": {
      "go": "1.19"
    }
  }
}
